osoba_id,imie,nazwisko,telefon
1,Darren,Wingeatt,4621518064
2,Edithe,Roffey,7028020830
3,Carr,Delgardillo,7166669514
4,Arliene,O'Fallowne,3129850144
5,Kori,Fitzhenry,4057630782
6,Ellery,Handasyde,8328033179
7,Darby,Wyeth,3586816773
8,Whitman,Dalinder,5961061478
9,Marin,Rumens,3107731906
10,Vittorio,Healeas,7985629198
11,Merola,Newman,8309821727
12,Lamond,Raulin,2863695754
13,Edie,Cattermull,2108589909
14,Esma,Fitkin,7299042210
15,Pattin,Foxton,9195908057
16,Burtie,Ricci,7913315684
17,Gretchen,Murdie,7023561337
18,Paulo,Giacobillo,5819971039
19,Taddeo,Malling,4296579078
20,Reena,Raff,9376199089
21,Hazlett,Habercham,8672637267
22,Alfons,Russ,8986532457
23,Staffard,Daber,6091064313
24,Anastasia,Ivetts,8414796194
25,Cindi,Jagels,2584158731
26,Eleanore,Gilbane,5654695185
27,Dwain,Gayler,7192648992
28,Tim,Lettuce,6973132243
29,Tresa,Benez,7493070342
30,Robb,Tewes,3381691509
31,Kat,Saile,7045679576
32,Arch,Dabbes,6446024522
33,Cosmo,Glowacha,2511519524
34,Brit,Earengey,5318905657
35,Preston,Bruin,2017941489
36,King,McIlvenny,8922070102
37,Kip,Jankovsky,8338030570
38,Tuesday,Gockelen,1765857330
39,Mariam,Bonnyson,3983039406
40,Nicki,Kment,4918298223
41,Gordan,Spandley,5444881867
42,Tracee,Collins,2984557406
43,Lilli,McMillan,1467256022
44,Clair,Faltskog,2592036037
45,Aguste,Luckcock,6778170287
46,Quentin,Cundey,1409305694
47,Robin,Kumaar,7228984267
48,Tarrah,Ibbs,9627828311
49,Robers,McAvey,8513292295
50,Ashia,Stern,6196593653
51,Julieta,Matton,6359940977
52,Emilio,Ouchterlony,4852905582
53,Theobald,Philipps,7804965346
54,Rebekah,Pinckstone,7696333242
55,Ramsay,Ridoutt,2385885101
56,Blinny,Messent,7381817151
57,Ced,Pareman,1369557797
58,Ddene,Vuittet,7763607665
59,Gasper,Benham,8191276054
60,Joane,Bitchener,5542682059
61,Kania,Saylor,2671003939
62,Thurston,Pennyman,8206411543
63,Hamish,Cocklie,9601499235
64,Leanor,Browett,3355140041
65,Rina,Cruft,9154232694
66,Jaclin,Braferton,4414722075
67,Ynes,Reinbeck,3998928203
68,Hewie,Knapp,9471840767
69,Nilson,Bauldrey,6825423782
70,Herta,Braz,1832951017
71,Allen,Giacometti,6123110809
72,Nerti,Mitford,7542326814
73,Fairlie,Chape,2636322455
74,Corabella,Dixey,7177351916
75,Louise,Riddle,5712907062
76,Othello,Ghilardini,1502142557
77,Arty,Dorton,7229441054
78,Janetta,Embleton,7599969005
79,Engracia,Hurche,7135265647
80,Horatio,Van Ross,8851799152
81,Bronnie,Duffett,3248083221
82,Harper,Sayles,6921041175
83,Jami,Oneile,1036697019
84,Skippie,Tesmond,2347126444
85,Tadeas,Morrid,7345389723
86,Tailor,Brickell,1339172985
87,Janos,Collumbell,2268027074
88,Garret,Dallander,5808626638
89,Shandie,Calafate,9026443276
90,Barbette,Coutthart,5541105533
91,Caspar,Bauchop,6829677372
92,Valencia,Munslow,6077130704
93,Bennie,Menghi,6225999434
94,Zorina,Whodcoat,3962592841
95,Antoine,Bontine,5485899097
96,Dillon,Esilmon,5331372951
97,Andrus,Bly,9339823871
98,Daniela,Burehill,1417622567
99,Vasilis,De Francesco,3092539249
100,Rick,Janouch,8423403439
